Toner Black,10.10.2.1,1.3.6.1.2.1.43.11.1.1.9.1.4,1.3.6.1.2.1.43.11.1.1.8.1.4,Replacement Model
Toner Cyan,10.10.2.1,1.3.6.1.2.1.43.11.1.1.9.1.1,1.3.6.1.2.1.43.11.1.1.8.1.1,Replacement Model
Toner Magenta,10.10.2.1,1.3.6.1.2.1.43.11.1.1.9.1.2,1.3.6.1.2.1.43.11.1.1.8.1.2,Replacement Model
Toner Gold,10.10.2.1,1.3.6.1.2.1.43.11.1.1.9.1.3,1.3.6.1.2.1.43.11.1.1.8.1.3,Replacement Model
Drum Black,10.10.2.1,1.3.6.1.2.1.43.11.1.1.9.1.11,1.3.6.1.2.1.43.11.1.1.8.1.11,Replacement Model
Drum Cyan,10.10.2.1,1.3.6.1.2.1.43.11.1.1.9.1.5,1.3.6.1.2.1.43.11.1.1.8.1.5,Replacement Model
Drum Magenta,10.10.2.1,1.3.6.1.2.1.43.11.1.1.9.1.7,1.3.6.1.2.1.43.11.1.1.8.1.7,Replacement Model
Drum Gold,10.10.2.1,1.3.6.1.2.1.43.11.1.1.9.1.9,1.3.6.1.2.1.43.11.1.1.8.1.9,Replacement Model
Developer Black,10.10.2.1,1.3.6.1.2.1.43.11.1.1.9.1.12,1.3.6.1.2.1.43.11.1.1.8.1.12,Replacement Model
Developer Cyan,10.10.2.1,1.3.6.1.2.1.43.11.1.1.9.1.6,1.3.6.1.2.1.43.11.1.1.8.1.6,Replacement Model
Developer Magenta,10.10.2.1,1.3.6.1.2.1.43.11.1.1.9.1.8,1.3.6.1.2.1.43.11.1.1.8.1.8,Replacement Model
Developer Gold,10.10.2.1,1.3.6.1.2.1.43.11.1.1.9.1.10,1.3.6.1.2.1.43.11.1.1.8.1.10,Replacement Model
Waste Toner,10.10.2.1,1.3.6.1.2.1.43.11.1.1.9.1.13,1.3.6.1.2.1.43.11.1.1.8.1.13,Replacement Model
Fuser,10.10.2.1,1.3.6.1.2.1.43.11.1.1.9.1.14,1.3.6.1.2.1.43.11.1.1.8.1.14,Replacement Model
Print Meter,10.10.2.1,1.3.6.1.2.1.43.10.2.1.4.1.1,M0,Replacement Model
Toner Black Level,10.10.2.7,1.3.6.1.2.1.43.11.1.1.9.1.1,1.3.6.1.2.1.43.11.1.1.8.1.1,24B6186
Imaging Unit Level,10.10.2.7,1.3.6.1.2.1.43.11.1.1.9.1.1,1.3.6.1.2.1.43.11.1.1.8.1.2,24B6040
Print Meter,10.10.2.7,1.3.6.1.2.1.43.10.2.1.4.1.1,M0,Replacement Model
Tray 1 Level,10.10.2.7,1.3.6.1.2.1.43.8.2.1.10.1.1,1.3.6.1.2.1.43.8.2.1.9.1.1,Paper Letter
Toner Black,10.10.26.19,1.3.6.1.2.1.43.11.1.1.9.1.1,1.3.6.1.2.1.43.11.1.1.8.1.1,Replacement Model
Drum Black,10.10.26.19,1.3.6.1.2.1.43.11.1.1.9.1.2,1.3.6.1.2.1.43.11.1.1.8.1.2,Replacement Model
Developer Black,10.10.26.19,1.3.6.1.2.1.43.11.1.1.9.1.3,1.3.6.1.2.1.43.11.1.1.8.1.3,Replacement Model
Waste Toner,10.10.26.19,1.3.6.1.2.1.43.11.1.1.9.1.4,1.3.6.1.2.1.43.11.1.1.8.1.4,Replacement Model
Fuser,10.10.26.19,1.3.6.1.2.1.43.11.1.1.9.1.5,1.3.6.1.2.1.43.11.1.1.8.1.5,Replacement Model
Print Meter,10.10.26.19,1.3.6.1.2.1.43.10.2.1.4.1.1,M100000,Replacement Model
Toner Black,10.10.26.1,1.3.6.1.2.1.43.11.1.1.9.1.1,1.3.6.1.2.1.43.11.1.1.8.1.1,Replacement Model
Drum Black,10.10.26.1,1.3.6.1.2.1.43.11.1.1.9.1.2,1.3.6.1.2.1.43.11.1.1.8.1.2,Replacement Model
Developer Black,10.10.26.1,1.3.6.1.2.1.43.11.1.1.9.1.3,1.3.6.1.2.1.43.11.1.1.8.1.3,Replacement Model
Waste Toner,10.10.26.1,1.3.6.1.2.1.43.11.1.1.9.1.4,1.3.6.1.2.1.43.11.1.1.8.1.4,Replacement Model
Fuser,10.10.26.1,1.3.6.1.2.1.43.11.1.1.9.1.5,1.3.6.1.2.1.43.11.1.1.8.1.5,Replacement Model
Print Meter,10.10.26.1,1.3.6.1.2.1.43.10.2.1.4.1.1,M100000,Replacement Model
Toner Black Level,10.10.26.25,1.3.6.1.2.1.43.11.1.1.9.1.4,1.3.6.1.2.1.43.11.1.1.8.1.4,Replacement Model
Imaging Unit Level,10.10.26.25,1.3.6.1.2.1.43.11.1.1.9.1.8,1.3.6.1.2.1.43.11.1.1.8.1.8,Replacement Model
Print Meter,10.10.26.25,1.3.6.1.2.1.43.10.2.1.4.1.1,M100000,Replacement Model
Tray 1 Level,10.10.26.25,1.3.6.1.2.1.43.8.2.1.10.1.1,1.3.6.1.2.1.43.8.2.1.9.1.1,Replacement Model
Cyan Toner,10.10.26.25,1.3.6.1.2.1.43.11.1.1.9.1.1,1.3.6.1.2.1.43.11.1.1.8.1.1,Replacement Model
Cyan Drum,10.10.26.25,1.3.6.1.2.1.43.11.1.1.9.1.5,1.3.6.1.2.1.43.11.1.1.8.1.5,Replacement Model
Magenta Toner,10.10.26.25,1.3.6.1.2.1.43.11.1.1.9.1.2,1.3.6.1.2.1.43.11.1.1.8.1.2,Replacement Model
Magenta Drum,10.10.26.25,1.3.6.1.2.1.43.11.1.1.9.1.6,1.3.6.1.2.1.43.11.1.1.8.1.6,Replacement Model
Yellow Toner,10.10.26.25,1.3.6.1.2.1.43.11.1.1.9.1.3,1.3.6.1.2.1.43.11.1.1.8.1.3,Replacement Model
Yellow Drum,10.10.26.25,1.3.6.1.2.1.43.11.1.1.9.1.7,1.3.6.1.2.1.43.11.1.1.8.1.7,Replacement Model
Toner Black Level,10.10.26.17,1.3.6.1.2.1.43.11.1.1.9.1.1,1.3.6.1.2.1.43.11.1.1.8.1.1,Replacement Model
Imaging Unit Level,10.10.26.17,1.3.6.1.2.1.43.11.1.1.9.1.2,1.3.6.1.2.1.43.11.1.1.8.1.2,Replacement Model
Print Meter,10.10.26.17,1.3.6.1.2.1.43.10.2.1.4.1.1,M100000,Replacement Model
Tray 1 Level,10.10.26.17,1.3.6.1.2.1.43.8.2.1.10.1.1,1.3.6.1.2.1.43.8.2.1.9.1.1,Replacement Model
Toner Black Level,10.10.26.13,1.3.6.1.2.1.43.11.1.1.9.1.1,1.3.6.1.2.1.43.11.1.1.8.1.1,Replacement Model
Imaging Unit Level,10.10.26.13,1.3.6.1.2.1.43.11.1.1.9.1.2,1.3.6.1.2.1.43.11.1.1.8.1.2,Replacement Model
Print Meter,10.10.26.13,1.3.6.1.2.1.43.10.2.1.4.1.1,M100000,Replacement Model
Tray 1 Level,10.10.26.13,1.3.6.1.2.1.43.8.2.1.10.1.1,1.3.6.1.2.1.43.8.2.1.9.1.1,Replacement Model
Toner Black Level,10.10.26.3,1.3.6.1.2.1.43.11.1.1.9.1.1,1.3.6.1.2.1.43.11.1.1.8.1.1,Replacement Model
Imaging Unit Level,10.10.26.3,1.3.6.1.2.1.43.11.1.1.9.1.2,1.3.6.1.2.1.43.11.1.1.8.1.2,Replacement Model
Print Meter,10.10.26.3,1.3.6.1.2.1.43.10.2.1.4.1.1,M100000,Replacement Model
Tray 1 Level,10.10.26.3,1.3.6.1.2.1.43.8.2.1.10.1.1,1.3.6.1.2.1.43.8.2.1.9.1.1,Replacement Model
Toner Black Level,10.10.26.31,1.3.6.1.2.1.43.11.1.1.9.1.1,1.3.6.1.2.1.43.11.1.1.8.1.1,Replacement Model
Imaging Unit Level,10.10.26.31,1.3.6.1.2.1.43.11.1.1.9.1.2,1.3.6.1.2.1.43.11.1.1.8.1.2,Replacement Model
Print Meter,10.10.26.31,1.3.6.1.2.1.43.10.2.1.4.1.1,M100000,Replacement Model
Tray 1 Level,10.10.26.31,1.3.6.1.2.1.43.8.2.1.10.1.1,1.3.6.1.2.1.43.8.2.1.9.1.1,Replacement Model
Toner Black Level,10.10.26.9,1.3.6.1.2.1.43.11.1.1.9.1.1,1.3.6.1.2.1.43.11.1.1.8.1.1,Replacement Model
Imaging Unit Level,10.10.26.9,1.3.6.1.2.1.43.11.1.1.9.1.2,1.3.6.1.2.1.43.11.1.1.8.1.2,Replacement Model
Print Meter,10.10.26.9,1.3.6.1.2.1.43.10.2.1.4.1.1,M100000,Replacement Model
Tray 1 Level,10.10.26.9,1.3.6.1.2.1.43.8.2.1.10.1.1,1.3.6.1.2.1.43.8.2.1.9.1.1,Replacement Model
Toner Black Level,10.10.26.11,1.3.6.1.2.1.43.11.1.1.9.1.1,1.3.6.1.2.1.43.11.1.1.8.1.1,Replacement Model
Imaging Unit Level,10.10.26.11,1.3.6.1.2.1.43.11.1.1.9.1.2,1.3.6.1.2.1.43.11.1.1.8.1.2,Replacement Model
Print Meter,10.10.26.11,1.3.6.1.2.1.43.10.2.1.4.1.1,M100000,Replacement Model
Tray 1 Level,10.10.26.11,1.3.6.1.2.1.43.8.2.1.10.1.1,1.3.6.1.2.1.43.8.2.1.9.1.1,Replacement Model
Toner Black Level,10.10.26.4,1.3.6.1.2.1.43.11.1.1.9.1.1,1.3.6.1.2.1.43.11.1.1.8.1.1,Replacement Model
Imaging Unit Level,10.10.26.4,1.3.6.1.2.1.43.11.1.1.9.1.4,1.3.6.1.2.1.43.11.1.1.8.1.4,Replacement Model
Print Meter,10.10.26.4,1.3.6.1.2.1.43.10.2.1.4.1.1,M100000,Replacement Model
Toner Cyan,10.10.26.4,1.3.6.1.2.1.43.11.1.1.9.1.2,1.3.6.1.2.1.43.11.1.1.8.1.2,Replacement Model
Transfer Module,10.10.26.4,1.3.6.1.2.1.43.11.1.1.9.1.3,1.3.6.1.2.1.43.11.1.1.8.1.3,Replacement Model
Toner Magenta,10.10.26.4,1.3.6.1.2.1.43.11.1.1.9.1.5,1.3.6.1.2.1.43.11.1.1.8.1.5,Replacement Model
Maintenance Kit,10.10.26.4,1.3.6.1.2.1.43.11.1.1.9.1.6,1.3.6.1.2.1.43.11.1.1.8.1.6,Replacement Model
Waste Toner,10.10.26.4,1.3.6.1.2.1.43.11.1.1.9.1.7,1.3.6.1.2.1.43.11.1.1.8.1.7,Replacement Model
Toner Yellow,10.10.26.4,1.3.6.1.2.1.43.11.1.1.9.1.8,1.3.6.1.2.1.43.11.1.1.8.1.8,Replacement Model
Toner Black Level,10.10.26.23,1.3.6.1.2.1.43.11.1.1.9.1.1,1.3.6.1.2.1.43.11.1.1.8.1.1,Replacement Model
Imaging Unit Level,10.10.26.23,1.3.6.1.2.1.43.11.1.1.9.1.2,1.3.6.1.2.1.43.11.1.1.8.1.2,Replacement Model
Print Meter,10.10.26.23,1.3.6.1.2.1.43.10.2.1.4.1.1,M100000,Replacement Model
Tray 1 Level,10.10.26.23,1.3.6.1.2.1.43.8.2.1.10.1.1,1.3.6.1.2.1.43.8.2.1.9.1.1,Replacement Model
